{
  "Total" : {
    "transaction" : "Total",
    "sampleCount" : 2461,
    "errorCount" : 1938,
    "errorPct" : 78.748474,
    "meanResTime" : 1814.580251930111,
    "medianResTime" : 1978.0,
    "minResTime" : 324.0,
    "maxResTime" : 4526.0,
    "pct1ResTime" : 3070.0,
    "pct2ResTime" : 3283.9,
    "pct3ResTime" : 4096.0,
    "throughput" : 24.008116518871883,
    "receivedKBytesPerSec" : 5.41589347251895,
    "sentKBytesPerSec" : 3.7043773534978097
  },
  "HTTP Request" : {
    "transaction" : "HTTP Request",
    "sampleCount" : 2461,
    "errorCount" : 1938,
    "errorPct" : 78.748474,
    "meanResTime" : 1814.580251930111,
    "medianResTime" : 1978.0,
    "minResTime" : 324.0,
    "maxResTime" : 4526.0,
    "pct1ResTime" : 3070.0,
    "pct2ResTime" : 3283.9,
    "pct3ResTime" : 4096.0,
    "throughput" : 24.008116518871883,
    "receivedKBytesPerSec" : 5.41589347251895,
    "sentKBytesPerSec" : 3.7043773534978097
  }
}