{
  "Config 2" : {
    "transaction" : "Config 2",
    "sampleCount" : 400,
    "errorCount" : 400,
    "errorPct" : 100.0,
    "meanResTime" : 936.7624999999994,
    "medianResTime" : 952.0,
    "minResTime" : 741.0,
    "maxResTime" : 1157.0,
    "pct1ResTime" : 1018.0,
    "pct2ResTime" : 1032.0,
    "pct3ResTime" : 1155.6400000000003,
    "throughput" : 3.532913505445103,
    "receivedKBytesPerSec" : 0.7969756052322449,
    "sentKBytesPerSec" : 0.5451175135354749
  },
  "Config 3" : {
    "transaction" : "Config 3",
    "sampleCount" : 400,
    "errorCount" : 11,
    "errorPct" : 2.75,
    "meanResTime" : 544.7425000000006,
    "medianResTime" : 542.5,
    "minResTime" : 351.0,
    "maxResTime" : 789.0,
    "pct1ResTime" : 644.0,
    "pct2ResTime" : 664.75,
    "pct3ResTime" : 763.98,
    "throughput" : 3.542738714162984,
    "receivedKBytesPerSec" : 0.7991920341520012,
    "sentKBytesPerSec" : 0.5466335125368667
  },
  "Config 1" : {
    "transaction" : "Config 1",
    "sampleCount" : 400,
    "errorCount" : 400,
    "errorPct" : 100.0,
    "meanResTime" : 1105.4050000000007,
    "medianResTime" : 1104.0,
    "minResTime" : 939.0,
    "maxResTime" : 1360.0,
    "pct1ResTime" : 1204.0,
    "pct2ResTime" : 1222.0,
    "pct3ResTime" : 1307.0,
    "throughput" : 3.5267770547884814,
    "receivedKBytesPerSec" : 0.7955913082579484,
    "sentKBytesPerSec" : 0.5441706783755664
  },
  "Total" : {
    "transaction" : "Total",
    "sampleCount" : 1200,
    "errorCount" : 811,
    "errorPct" : 67.583336,
    "meanResTime" : 862.3033333333327,
    "medianResTime" : 948.5,
    "minResTime" : 351.0,
    "maxResTime" : 1360.0,
    "pct1ResTime" : 1151.9,
    "pct2ResTime" : 1181.0,
    "pct3ResTime" : 1245.99,
    "throughput" : 10.580331164365445,
    "receivedKBytesPerSec" : 2.3867739247738453,
    "sentKBytesPerSec" : 1.6325120351266993
  }
}